{
	"name": "ds_source_data",
	"properties": {
		"linkedServiceName": {
			"referenceName": "ls__blob_storage",
			"type": "LinkedServiceReference"
		},
		"parameters": {
			"container": {
				"type": "String",
				"defaultValue": "adf-practice"
			},
			"directory_name": {
				"type": "String"
			},
			"file_name": {
				"type": "String"
			}
		},
		"annotations": [],
		"type": "DelimitedText",
		"typeProperties": {
			"location": {
				"type": "AzureBlobStorageLocation",
				"fileName": {
					"value": "@dataset().file_name",
					"type": "Expression"
				},
				"folderPath": {
					"value": "@dataset().directory_name",
					"type": "Expression"
				},
				"container": {
					"value": "@dataset().container",
					"type": "Expression"
				}
			},
			"columnDelimiter": ",",
			"escapeChar": "\\",
			"firstRowAsHeader": true,
			"quoteChar": "\""
		},
		"schema": []
	},
	"type": "Microsoft.DataFactory/factories/datasets"
}